Date,BNCL.XC,ATC.L,0NVC.IL,0RVE.IL,0QVV.IL,DANSKC.XC,0RDO.IL,CABKE.XC,0Q99.IL,0ILK.IL,0K93.IL,0RLA.IL,0RJN.IL,0EPW.IL,0MFW.IL,PLANZ.XC,0HBC.IL,NLB.IL,BAMIM.XC,0RLS.IL,HOTD.XC,UCGM.XC,BBY.L,NLBL.XC,0RC2.IL
2023-09-29,,,127.29322814941406,35.79134750366211,25.4284782409668,127.2542953491211,6.512843608856201,3.1031901836395264,31.727764129638672,3.107726812362671,6.763249397277832,3.4162185192108154,0.2280574142932891,87.90690612792969,31.84025001525879,272.9934997558594,1.922918915748596,11.42538833618164,3.4453799724578857,19.57009506225586,86.69872283935547,19.58576393127441,320.7539978027344,11.384146690368652,8.230341911315918
2023-10-31,,,127.23542785644533,34.395172119140625,24.99916648864746,126.67649841308594,6.113528728485107,3.119882345199585,30.60747337341309,3.1407358646392822,6.513556480407715,3.6347365379333496,0.2519437372684479,88.79761505126953,28.975360870361328,273.92205810546875,1.922918915748596,11.46506118774414,3.523564577102661,20.357364654541016,86.53884887695312,20.34261131286621,308.99920654296875,11.503144264221191,7.689523696899414
2023-11-30,,,135.85012817382812,39.48710632324219,28.97030258178711,136.67269897460938,6.703429698944092,3.356428623199463,33.44150161743164,3.3595728874206543,7.043078899383545,3.830804347991944,0.2694427967071533,91.01299285888672,30.03643035888672,274.8506164550781,2.194707155227661,13.091591835021973,3.814981698989868,21.48784828186035,84.11785888671875,21.436071395874023,324.98883056640625,13.010451316833496,8.388815879821777
2023-12-29,,,138.4904022216797,39.199649810791016,29.684444427490234,138.44467163085938,7.015639305114746,3.042933702468872,33.221553802490234,3.0286686420440674,6.888096809387207,3.561772346496582,0.2389068603515625,91.30989074707033,33.79914855957031,276.70770263671875,2.186842441558838,13.905226707458496,3.554240703582764,20.96443748474121,92.45426940917967,21.07801628112793,330.9848937988281,13.78166675567627,8.755731582641602
2024-01-31,,,143.6553955078125,39.55280303955078,31.45948028564453,145.89849853515625,7.830854892730713,3.197645425796509,33.71644592285156,3.2442450523376465,7.275551795959473,3.7432472705841056,0.239081859588623,90.92163848876952,34.88470458984375,281.3504638671875,2.380773067474365,15.053741455078123,3.6380367279052734,23.437780380249023,90.71847534179688,23.73661994934082,331.784423828125,14.602005004882812,8.527154922485352
2024-02-29,,,157.9939422607422,42.70651626586914,34.03123092651367,149.69284057617188,8.211618423461914,3.3930704593658447,33.14963912963867,3.4129574298858643,7.723278522491455,4.007414817810059,0.2318197041749954,99.9886703491211,35.32545471191406,280.4219055175781,2.437896490097046,16.407344818115234,3.896533966064453,26.610441207885746,90.71847534179688,26.772573471069336,339.1795959472656,16.40674591064453,9.249492645263672
2024-03-28,,,165.32655334472656,48.29121398925781,35.10038375854492,165.6724090576172,8.469316482543945,3.984732627868652,36.347434997558594,3.974841117858887,8.02463150024414,4.620314121246338,0.2726801931858063,98.11589050292967,36.63138961791992,285.0646667480469,2.7822940349578857,17.801969528198242,4.478620052337647,29.995471954345703,98.02711486816406,30.19231033325196,381.9517822265625,17.801321029663086,9.860306739807127
2024-04-30,,,162.82644653320312,50.17268753051758,36.17779159545898,162.43487548828125,8.755132675170898,4.439383506774902,36.45318603515625,4.422204971313477,8.524019241333008,5.09395694732666,0.2886043488979339,94.49890899658205,37.11703109741211,285.0895690917969,2.944765329360962,16.571420669555664,5.097660541534424,31.433687210083008,100.07584381103516,31.32279396057129,363.5637512207031,16.48878288269043,10.179550170898438
2024-05-31,,,169.04669189453125,54.42840576171875,37.14765548706055,167.7508087158203,9.119301795959473,4.662504196166992,38.821922302246094,4.658966064453125,8.317375183105469,5.403353691101074,0.3259212672710418,95.7881851196289,37.36189270019531,282.2291564941406,3.129328489303589,18.868446350097656,5.427494525909424,32.761043548583984,93.73469543457033,32.8199577331543,371.236328125,18.703691482543945,10.70310401916504
2024-06-28,,,166.08660888671875,52.81571578979492,37.77537155151367,164.8330535888672,8.933984756469727,4.5031328201293945,37.35961532592773,4.3840742111206055,8.00741195678711,4.918332099914551,0.3099641799926758,100.89752960205078,38.82127380371094,285.0895690917969,2.982408285140991,21.4531192779541,5.118172645568848,31.243741989135746,95.83251953125,31.28434562683105,365.0390930175781,21.616060256958008,10.57570743560791
2024-07-31,,,176.57794189453125,60.4088134765625,40.34683227539063,173.85548400878906,9.44683837890625,4.759897708892822,38.76708221435547,4.7565083503723145,8.709136962890625,5.273686408996582,0.3572077751159668,105.3383560180664,40.56655502319336,296.53131103515625,3.239356279373169,22.482872009277344,5.280628204345703,34.1177978515625,101.64922332763672,34.22213363647461,421.014404296875,22.559616088867188,11.279863357543944
2024-08-30,,,173.9251251220703,61.46154022216797,39.43647003173828,173.8968963623047,9.45545768737793,4.808594703674316,40.790321350097656,4.820353984832764,8.877034187316895,5.000400066375732,0.3840790688991546,106.05461883544922,41.05881118774414,299.3917236328125,3.2359044551849365,20.766620635986328,4.962280750274658,33.82383346557617,101.64922332763672,33.8150520324707,418.8153381347656,20.500946044921875,11.210785865783691
2024-09-30,,,166.96148681640625,61.77511978149414,40.13177490234375,169.01007080078125,9.8562593460083,4.766095161437988,42.0218620300293,4.750300407409668,8.726357460021973,4.981524467468262,0.3707125782966614,105.38610076904295,43.22922134399414,302.2521667480469,3.318749189376831,20.50918197631836,5.060739040374756,35.67805862426758,101.64922332763672,35.703460693359375,430.6101379394531,20.500946044921875,11.26649284362793
2024-10-31,,,166.8785858154297,63.07423782348633,40.26103591918945,167.02220153808594,9.782994270324709,4.826302528381348,41.95148849487305,4.935630798339844,8.947317123413086,5.079185485839844,0.4246394336223602,106.96188354492188,41.26018524169922,310.8334350585937,3.384981632232666,21.1956844329834,5.049252510070801,36.874267578125,108.4194793701172,36.84555816650391,444.6416931152344,21.35872459411621,11.475956916809082
2024-11-29,,,166.38116455078125,66.38921356201172,38.741153717041016,164.84796142578125,9.767685890197754,4.685942649841309,41.91630554199219,4.700388431549072,9.072641372680664,6.222292423248291,0.4116877317428589,112.9784927368164,42.177581787109375,310.8334350585937,3.271634817123413,21.4531192779541,6.250118732452393,33.39918899536133,112.80583953857422,33.17656707763672,450.23974609375,21.70183753967285,12.065577507019045
2024-12-31,,,175.40982055664062,71.76486206054688,37.27031326293945,174.96145629882812,10.226242065429688,4.771505832672119,42.41411590576172,4.753161430358887,9.694790840148926,6.748867988586426,0.4281423687934875,123.19717407226562,45.265384674072266,321.3216857910156,3.4751107692718506,22.31888771057129,6.911414623260498,35.72468566894531,120.57733917236328,35.426143646240234,454.6381530761719,22.399524688720703,12.44491195678711
2025-01-31,,,184.35362243652344,78.68600463867188,39.38744354248047,181.8863983154297,11.512869834899902,5.296717166900635,45.12970352172852,5.360954284667969,10.258753776550291,7.431240081787109,0.4648310542106628,133.55909729003906,46.71977996826172,329.9029846191406,3.7954392433166495,24.38047218322754,6.911414623260498,41.1762924194336,138.64724731445312,41.54303359985352,465.0344543457031,24.72907447814941,13.413813591003418
2025-02-28,,,206.4349670410156,85.7191390991211,43.51917266845703,202.10549926757807,12.136148452758787,6.00033712387085,47.72723007202149,6.03880786895752,11.064414978027344,8.334687232971191,0.4967723786830902,144.2552947998047,49.53907775878906,338.4842834472656,4.286984920501709,24.649375915527344,8.139163970947266,46.51683044433594,138.64724731445312,46.96793365478516,464.2347412109375,24.68427276611328,14.07650661468506
2025-03-31,,,204.9428100585937,84.39762878417969,45.65858840942383,212.23440551757807,13.16456127166748,6.646611213684082,50.247554779052734,6.538326263427734,11.23449993133545,8.104037284851074,0.5138261318206787,149.60337829589844,49.80758285522461,347.0655517578125,4.270742416381836,25.187179565429688,8.131332397460938,47.963035583496094,149.37477111816406,47.88441848754883,433.8455810546875,24.997865676879883,15.12081813812256
2025-04-30,,,209.3614501953125,91.81721496582033,47.98519515991211,204.62368774414065,12.2654390335083,6.396754264831543,49.9296760559082,6.3784685134887695,10.777957916259766,8.464372634887695,0.5164071917533875,163.45864868164062,51.01585388183594,348.1412658691406,4.187728404998779,23.30486488342285,8.381058692932129,48.81378555297852,163.40667724609375,49.237937927246094,457.4371643066406,23.20590591430664,16.080581665039062
2025-05-30,,,227.5370941162109,105.55743408203124,51.20719909667969,231.64859008789065,13.60748291015625,7.178283214569092,51.905067443847656,7.071346759796143,11.608341217041016,9.27837371826172,0.633110523223877,159.8131103515625,57.459957122802734,375.523193359375,4.591475963592529,25.27681350708008,9.093311309814451,53.8930892944336,162.42141723632812,54.149810791015625,499.7103576660156,25.356258392333984,17.385400772094727
2025-06-30,,,234.0967254638672,102.9676513671875,52.46836471557617,235.29444885253903,13.696329116821287,6.96436071395874,53.96879577636719,6.906918525695801,11.903307914733888,9.211339950561523,0.6357300281524658,165.13365173339844,54.965423583984375,387.2582702636719,4.568113327026367,28.107261657714844,9.093311309814451,54.0218620300293,165.3279571533203,53.796913146972656,521.9063720703125,28.15143775939941,17.31607437133789
2025-07-31,,,238.51535034179688,107.42782592773438,55.06489181518555,238.94029235839844,14.444506645202637,7.797232151031494,56.20377349853516,7.828855514526367,12.702570915222168,10.367091178894045,0.6919713616371155,189.86427307128903,60.8833236694336,389.2141418457031,4.966447830200195,30.44953346252441,10.311264038085938,61.12812042236328,188.5310211181641,61.52238082885742,542.902587890625,30.49348831176757,18.03965950012207
2025-08-29,,,238.56089782714844,106.51660919189452,55.7398796081543,239.71505737304688,16.071792602539062,8.081510543823242,56.60371780395508,8.068367958068848,12.835780143737791,10.822457313537598,0.6979524493217468,213.4125823974609,62.6350212097168,388.2362060546875,5.019247531890869,30.074769973754883,10.814703941345217,62.74968719482422,218.5324249267578,62.814727783203125,593.3936157226562,30.16560173034668,19.13694190979004
2025-09-30,,,247.53485107421875,108.48291778564452,56.52708435058594,250.5159149169922,15.903451919555664,8.515061378479004,55.26272964477539,8.529336929321289,12.978507041931152,11.79560089111328,0.7253496646881104,223.8565826416016,63.01376724243164,386.2803649902344,5.2379231452941895,32.51073455810547,11.69456672668457,61.40950775146485,235.7746124267578,60.73553085327149,646.8839721679688,32.83553695678711,19.172643661499023
2025-10-31,,,262.1573486328125,106.22885131835938,56.85904312133789,262.9118347167969,16.296245574951172,8.583515167236328,54.06290435791016,8.718476295471191,13.05462646484375,11.53671169281006,0.7397235035896301,244.7446136474609,64.1500015258789,389.2141418457031,5.1954026222229,32.60442352294922,11.461322784423828,60.9468879699707,256.5637512207031,60.13943099975586,671.9212646484375,32.6013298034668,19.96525382995605
2025-11-28,,,269.7191467285156,111.26453399658205,59.18272399902344,269.9300842285156,17.856300354003906,9.147472381591797,55.35683822631836,9.31175422668457,13.91097927093506,11.972490310668944,0.7917202115058899,299.0337829589844,68.26885223388672,393.1258239746094,5.384261131286621,33.4476432800293,11.978816986083984,62.46699142456055,294.8906555175781,62.60068130493164,703.91748046875,33.35078811645508,20.08111000061035
2025-12-31,,128.5,287.3025817871094,122.15119171142578,62.43587493896485,288.02264404296875,18.929418563842773,10.096601486206056,57.95299530029297,10.100319862365724,14.634121894836426,12.567754745483398,0.8618531227111816,329.2820129394531,69.12103271484375,399.9713134765625,5.698878765106201,35.0437126159668,12.484626770019531,68.8844985961914,316.960693359375,67.82269287109375,710.9166870117188,35.47372055053711,20.69757080078125
2026-01-30,,145.0,294.591064453125,133.56539916992188,63.10926818847656,293.44586181640625,19.20978355407715,10.757601737976074,57.63908386230469,10.763509750366213,14.615092277526855,12.066100120544434,0.886549174785614,351.84503173828125,73.2872314453125,424.41943359375,5.716760635375977,35.626155853271484,12.045938491821287,71.81263732910156,346.3216552734375,71.56106567382812,713.9163208007812,35.61930465698242,21.43538284301757
2026-02-27,,147.5,299.5107727050781,129.44093322753906,65.30965423583984,305.0670166015625,17.774124145507812,10.205557823181152,61.454322814941406,10.189874649047852,15.062298774719238,12.411737442016602,0.8615637421607971,397.956298828125,71.44084930419922,426.3752746582031,5.688246726989746,42.80963134765625,12.033952713012695,71.91999816894531,397.6541137695313,70.62403106689453,759.4110107421875,42.70434188842773,22.411041259765625
2026-03-31,,152.5,308.28045654296875,124.74097442626952,63.32740783691406,309.6686096191406,16.82668685913086,9.866582870483398,60.82649612426758,9.863605499267578,13.777769088745115,11.398828506469728,0.802331805229187,377.1668090820313,66.61184692382812,441.0441589355469,4.988451957702637,41.15937423706055,11.151782035827637,59.46076583862305,368.687255859375,59.36986923217773,755.9114379882812,40.95734786987305,19.476783752441406
2026-04-30,,160.0,319.7599792480469,145.8000030517578,70.49762725830078,320.5599975585937,18.512500762939453,10.842499732971191,64.30367279052734,10.887499809265137,14.215460777282717,12.300000190734863,0.8762269616127014,457.1000061035156,72.90848541259766,444.0,5.544228076934815,43.44061279296875,12.3125,65.59500122070312,455.0,65.57499694824219,815.9043579101562,43.33520126342773,21.891660690307617
2026-05-29,,157.5,333.04998779296875,152.10000610351562,71.22991943359375,333.8500061035156,19.55500030517578,11.612500190734863,64.83491516113281,11.642499923706056,15.404999732971191,13.399999618530272,0.939799964427948,484.7999877929688,77.07469177246094,441.0,5.802000045776367,42.71255874633789,13.352499961853027,73.55000305175781,466.2999877929688,74.13999938964844,796.5,42.65581512451172,24.381776809692383
2026-06-30,10.350000381469728,172.5,347.45001220703125,174.14999389648438,74.91845703125,328.29998779296875,21.575000762939453,12.237500190734863,69.94999694824219,12.265000343322754,16.979999542236328,15.03499984741211,1.030750036239624,508.25,82.25,433.0,5.965000152587891,43.45000076293945,15.130000114440918,77.42500305175781,501.0,77.68499755859375,867.5,43.45000076293945,28.665000915527344
2026-07-31,10.460000038146973,182.5,372.7999877929688,174.35000610351562,79.48988342285156,365.4500122070313,23.0049991607666,12.592499732971191,72.1500015258789,12.662500381469728,19.0049991607666,15.885000228881836,1.069499969482422,446.0,88.4000015258789,433.0,6.581500053405762,44.900001525878906,15.782500267028809,81.7699966430664,429.0,81.55000305175781,862.5,44.79999923706055,26.18000030517578
2026-08-28,10.899999618530272,182.5,371.2999877929688,179.0500030517578,77.5999984741211,370.5499877929688,24.030000686645508,13.267499923706056,74.82499694824219,13.100000381469728,20.64999961853028,15.952500343322754,1.11899995803833,426.6000061035156,94.5500030517578,431.0,6.783999919891357,45.150001525878906,15.977499961853027,83.51000213623047,422.6000061035156,84.41000366210938,884.5,45.0,27.709999084472656
