Date,1WFRD.MI,CE.MI,1STT.MI,1UQA.MI,UNI.MI,1CABK.MI,BPE.MI,BMED.MI,BAMI.MI,1CSX.MI,ISP.MI,PST.MI,1ACX.MI,G.MI,UCG.MI,1LOG.MI,1IBE.MI,BMPS.MI,1CFG.MI,1DBK.MI,1SAB.MI,1SANX.MI,1HOT.MI,1BBVA.MI,EQUI.MI
2023-09-29,,6.409142971038818,,,4.433787822723389,,2.384619951248169,6.4771599769592285,3.3965675830841064,,1.913267016410828,8.292093276977539,,16.867177963256836,19.5107421875,,,1.867225170135498,,9.533092498779297,,3.25158953666687,,6.437325954437256,2.770247220993042
2023-10-31,,6.302048683166504,,,4.425131320953369,,2.5261988639831543,6.160577297210693,3.612269639968872,,1.926205039024353,7.769676208496094,,16.327150344848633,20.27898406982422,,,1.9723777770996087,,9.39445686340332,,3.173535823822021,,6.331769943237305,2.809821844100952
2023-11-30,,6.722185134887695,,,4.553245544433594,,2.823350429534912,6.752942562103272,3.800260543823242,,2.188671588897705,8.411581993103027,,16.553611755371094,21.44636917114257,,,2.412315845489502,,10.426935195922852,,3.489786386489868,90.7917709350586,7.298910140991211,2.9381532669067383
2023-12-29,,6.623329639434815,,,4.468413352966309,3.043780565261841,2.490804433822632,7.057262897491455,3.5808136463165283,,2.190328598022461,8.75141716003418,,16.64071273803711,21.08585357666016,,,2.3551008701324463,,10.857437133789062,0.8043620586395264,3.470480442047119,91.7513198852539,7.0335893630981445,3.037192106246948
2024-01-31,,6.944610595703125,,,4.986063480377197,3.043780565261841,2.761615514755249,7.8511433601379395,3.7523272037506095,,2.372199773788452,8.572556495666504,,18.021270751953125,23.31332015991211,,,2.529839038848877,,10.937701225280762,0.8438422679901123,3.4235942363739014,99.97604370117188,7.429003238677978,3.045445203781128
2024-02-29,,7.282368183135986,,,6.433406829833984,3.41059947013855,3.0505356788635254,8.231544494628906,4.024951457977295,,2.434342861175537,9.23263931274414,,19.09261703491211,26.532207489013672,,9.566356658935549,2.922613382339477,,11.29158878326416,0.8836914300918579,3.5394299030303955,93.39627075195312,7.86036491394043,3.0289385318756104
2024-03-28,,7.636601448059082,,,6.722529411315918,4.314783573150635,3.60532808303833,8.418436050415039,4.619631290435791,,2.786485433578491,9.884204864501951,,20.43397521972656,30.193153381347656,,10.335803031921388,3.2473480701446533,,13.3985013961792,1.0630125999450684,4.157221794128418,100.34159088134766,9.43603229522705,3.251776218414306
2024-04-30,,8.17206859588623,,,7.2886552810668945,4.4016642570495605,4.025949478149414,8.781076431274414,5.076503753662109,,2.9215428829193115,10.152496337890623,,19.946208953857425,31.281206130981445,,10.326804161071776,3.517960786819458,,13.79069709777832,1.352378249168396,4.3067402839660645,97.32453918457033,9.134819984436035,3.334308624267578
2024-05-31,,8.279842376708984,,,8.534830093383789,4.664966583251953,4.302700042724609,9.100232124328612,5.421286582946777,,3.1133882999420166,10.73166561126709,,21.670818328857425,32.91400909423828,,10.848800659179688,4.0088090896606445,,14.242382049560549,1.457391619682312,4.507402896881104,94.65026092529295,8.82869815826416,3.349964141845703
2024-06-28,,8.012751579284668,,,8.376860618591309,4.445104598999023,4.119458198547363,8.89321231842041,4.936949729919434,,2.996830463409424,10.606446266174316,,21.38615798950196,31.303815841674805,,10.929829597473145,3.558426856994629,,13.93072509765625,1.3365696668624878,4.205001831054688,93.21761322021484,8.19161319732666,3.323928117752075
2024-07-31,,8.71925163269043,,,8.990682601928711,4.783762454986572,4.713685989379883,9.410760879516602,5.253820896148682,,3.2381486892700195,11.159284591674805,,21.973840713500977,34.3342399597168,,11.246392250061035,4.089959144592285,,13.527070999145508,1.4660487174987793,4.18578052520752,104.58329010009766,8.667208671569824,3.358642578125
2024-08-30,,8.891568183898926,,,8.647665023803711,4.833408355712891,4.415263175964356,9.53152084350586,5.043667793273926,,3.2502357959747314,11.190491676330566,,22.84618186950684,33.81409454345703,,11.899767875671388,4.266866207122803,,13.81056785583496,1.4577679634094238,4.212034702301025,99.2347412109375,8.429410934448242,3.428072452545166
2024-09-30,,8.753715515136719,,,9.631585121154783,4.8795084953308105,4.406537055969238,9.764418601989746,4.97307014465332,,3.3132636547088623,11.22615909576416,,23.82871627807617,35.60973358154297,,12.886778831481934,4.2051920890808105,,14.539019584655762,1.4920843839645386,4.321274280548096,103.53268432617188,8.64413833618164,3.6190028190612793
2024-10-31,,8.903340339660645,,,10.317621231079102,4.939793109893799,4.8864569664001465,9.816174507141112,5.086355209350586,,3.3991711139678955,11.538244247436523,,23.46141242980957,36.79928588867188,,12.68752384185791,4.083467483520508,,14.62913703918457,1.40034818649292,4.460608959197998,108.40367889404295,8.331497192382812,3.688432455062866
2024-11-29,,9.010826110839844,,,10.30859375,4.640721321105957,5.041776180267334,9.738640785217283,6.269872665405273,,3.274243354797364,12.144962310791016,,24.866342544555664,33.679039001464844,,12.51143741607666,5.0475287437438965,,15.087237358093262,1.4411197900772097,4.201209545135498,108.21266174316406,8.174160957336426,3.555985689163208
2024-12-30,,9.745306968688965,,,10.859228134155272,4.742675304412842,5.352415084838867,10.237601280212402,6.7990336418151855,,3.487290143966675,12.451216697692873,,25.04081153869629,35.65988540649414,,12.261207580566406,5.523067951202393,,15.372610092163086,1.4897321462631226,4.215114593505859,112.0330581665039,8.582137107849121,3.673017740249634
2025-01-31,,10.15733242034912,,,11.843148231506348,5.343474864959717,5.75380277633667,11.600833892822266,7.415229320526123,,3.7851946353912354,13.429394721984863,,28.12614822387696,41.11647415161133,,12.824034690856934,5.042660236358643,,17.75885581970215,1.7845423221588137,4.752132892608643,131.8035888671875,10.107932090759276,3.907083034515381
2025-02-28,,11.16052532196045,,,12.944416999816896,6.051689624786377,6.41172981262207,12.10870361328125,8.372594833374023,,4.272675037384033,14.192740440368652,,29.145410537719727,46.84612274169922,,13.097387313842772,5.65939998626709,,19.380041122436523,2.0715115070343018,5.950355529785156,143.64682006835938,11.69044017791748,3.8530681133270255
2025-03-31,,11.232182502746582,,,13.287434577941896,6.554176330566406,6.291313171386719,13.249184608459473,8.134123802185059,,4.27357816696167,15.02008056640625,,29.733095169067383,47.69770050048828,,14.063549995422363,5.925571918487549,,20.436111450195312,2.1264119148254395,5.950355529785156,150.23699951171875,11.502917289733888,3.961097955703736
2025-04-30,,10.820157051086426,,,14.217193603515623,6.627870559692383,6.228487491607666,12.273041725158691,8.524032592773438,,4.226634979248047,16.30908203125,,29.51271247863769,48.61811065673828,,14.968443870544434,6.018082618713379,,21.82073402404785,2.0894949436187744,6.015227317810059,165.42140197753906,11.382617950439451,3.862070322036743
2025-05-30,,11.517148971557615,,10.742856979370115,16.358776092529297,7.090014457702637,7.380584716796875,13.685564041137695,9.347569465637209,,4.59018611907959,17.4700984954834,,30.68934631347656,53.95017623901367,26.44652366638184,15.14279842376709,6.603722095489502,,23.574460983276367,2.292127847671509,6.871619701385498,162.9568328857422,12.57553482055664,4.25578498840332
2025-06-30,42.11259460449219,11.935954093933104,,11.318367958068848,15.974255561828612,6.962592124938965,7.289886474609375,13.676209449768066,9.164501190185549,,4.5728912353515625,17.365509033203125,,28.927461624145508,54.28402328491211,25.765106201171875,15.3832368850708,6.5592193603515625,33.8300895690918,24.29804801940918,2.219114303588867,6.828702449798584,165.0270538330078,12.40443992614746,4.2228312492370605
2025-07-31,49.31451797485352,12.659344673156738,,11.011427879333496,16.724308013916016,7.84694242477417,8.159079551696777,14.499402046203612,10.355369567871094,27.88589668273925,4.950109004974365,18.05574989318848,,31.330904006958008,61.647796630859375,25.765106201171875,14.83525562286377,6.780826568603516,41.01277542114258,27.93045425415039,2.6571946144104004,7.3505353927612305,189.57411193847656,13.834990501403809,4.444093704223633
2025-08-29,53.58430099487305,12.792600631713867,,11.011427879333496,16.947425842285156,8.1170015335083,8.387715339660645,16.16449546813965,10.840777397155762,27.2244873046875,5.024898052215576,19.050649642944336,10.192630767822266,31.94373321533203,62.99274444580078,26.35334205627441,15.647616386413574,7.123228073120117,41.01277542114258,28.90970802307129,2.718780755996704,7.957228660583496,218.2615966796875,14.737995147705078,4.6747727394104
2025-09-30,57.62728118896485,13.040077209472656,95.5772705078125,11.011427879333496,17.336694717407227,8.4745454788208,8.914899826049805,15.9493408203125,11.76536464691162,28.62288856506348,5.248330593109131,19.22201919555664,10.575453758239746,31.99160957336425,61.49518585205078,27.36765480041504,15.604096412658691,6.848035335540772,41.01277542114258,28.8711166381836,2.767360210418701,8.645853042602539,216.6842803955078,15.550699234008787,5.31973123550415
2025-10-31,60.64472579956055,13.059114456176758,98.02496337890624,11.913061141967772,18.00604820251465,8.723684310913086,9.783147811889648,16.286100387573242,11.654413223266602,28.62288856506348,5.212806224822998,19.888458251953125,11.302815437316896,31.93415641784668,61.07548522949219,27.6494083404541,17.001548767089844,6.887997627258301,42.65279769897461,29.75389289855957,2.707892179489136,8.695077896118164,245.47036743164065,16.624799728393555,5.413885593414307
2025-11-28,60.89225387573242,13.991907119750977,99.47399139404295,13.083266258239746,18.75609970092773,9.313359260559082,9.904008865356444,17.828781127929688,11.91766357421875,28.75148582458496,5.400936126708984,20.00549697875977,11.302815437316896,32.72891998291016,62.554195404052734,27.6494083404541,17.62532615661621,7.404778957366943,42.65279769897461,29.57058525085449,2.6350226402282715,9.13279628753662,293.3814697265625,18.0268497467041,5.659658432006836
2025-12-30,65.72402954101562,14.54396915435791,106.6995620727539,14.253469467163086,19.52989196777344,10.132904052734377,11.06806468963623,18.82463836669922,12.498428344726562,28.75148582458496,5.724837779998779,20.84997940063477,11.743060111999512,34.23226547241211,69.22052764892578,28.212915420532227,17.86709976196289,8.29211711883545,42.65279769897461,32.0114860534668,2.890995502471924,10.03095817565918,327.4909973144531,19.45970344543457,6.055641174316406
2026-01-30,71.86276245117188,14.753372192382812,108.51505279541016,14.982449531555176,17.825653076171875,10.762577056884766,11.31136989593506,19.10502815246582,12.11445140838623,31.53611946105957,5.768346786499023,21.54886245727539,12.21506690979004,32.93000411987305,71.68989562988281,28.212915420532227,18.520681381225582,7.932459354400635,50.253173828125,31.847469329833984,2.71223258972168,10.653446197509766,351.1507873535156,20.74733543395996,5.949401378631592
2026-02-27,80.98125457763672,14.848555564880373,106.8179702758789,16.056734085083008,20.090057373046875,10.195870399475098,11.45926284790039,17.63541030883789,12.032855987548828,33.78715133666992,5.641686916351318,22.08272933959961,13.440494537353516,34.62486267089844,70.6748275756836,31.433847427368164,19.7606201171875,7.536472320556641,50.70572662353516,29.223264694213867,2.7592756748199463,10.635661125183104,394.3298950195313,19.16925811767578,5.659658432006836
2026-03-31,78.37857055664062,13.820578575134276,106.32463073730467,15.308571815490724,18.84154891967773,9.832597732543944,10.624387741088867,16.707231521606445,11.384896278381348,33.78715133666992,4.990015983581543,19.54928207397461,12.175853729248049,33.0449104309082,59.4015998840332,31.138601303100582,19.348939895629883,6.745405673980713,50.70572662353516,24.2546329498291,2.601895809173584,9.383767127990724,358.05157470703125,17.576662063598633,5.485811710357666
2026-04-30,78.37857055664062,14.334567070007324,129.47499084472656,16.03754997253418,21.07747268676757,10.80500030517578,11.959234237670898,18.6299991607666,12.385000228881836,33.78715133666992,5.583674907684326,21.92742347717285,13.126785278320312,36.48249816894531,65.62000274658203,32.02434158325195,19.544979095458984,8.221275329589844,51.162357330322266,25.72110176086425,2.819148302078247,10.33199977874756,456.6000061035156,18.815000534057617,5.717607021331787
2026-05-29,87.46499633789062,15.399999618530272,132.60745239257812,16.920000076293945,21.239999771118164,11.420000076293944,11.618000030517578,19.809999465942383,13.484999656677246,39.315372467041016,5.807000160217285,24.61617851257324,15.763906478881836,38.709999084472656,74.23999786376953,33.165958404541016,19.260740280151367,9.227999687194824,52.750633239746094,27.84499931335449,3.0209999084472656,10.755999565124512,483.3999938964844,20.040000915527344,5.659999847412109
2026-06-30,87.46499633789062,17.010000228881836,150.010009765625,18.63999938964844,24.40999984741211,12.350000381469728,13.732000350952148,21.780000686645508,15.109999656677246,41.93706130981445,5.989999771118164,28.6200008392334,15.332555770874023,42.61000061035156,78.26000213623047,33.69740295410156,21.50104522705078,10.86400032043457,52.750633239746094,29.6200008392334,3.0840001106262207,12.026000022888184,500.5,21.780000686645508,5.829999923706055
2026-07-31,87.46499633789062,19.0,155.39999389648438,18.63999938964844,27.06999969482422,12.595000267028809,14.06999969482422,23.170000076293945,15.774999618530272,41.93706130981445,6.539000034332275,26.209999084472656,17.530000686645508,43.9900016784668,81.61000061035156,36.39397811889648,20.6299991607666,11.567999839782717,61.619998931884766,31.84000015258789,3.318000078201294,12.291999816894531,445.0,24.200000762939453,5.889999866485596
2026-08-31,87.73999786376953,20.280000686645508,167.1999969482422,18.3799991607666,28.21999931335449,13.175000190734863,14.253999710083008,24.049999237060547,16.079999923706055,44.30500030517578,6.789000034332275,27.790000915527344,17.90999984741211,44.56999969482422,84.13999938964844,36.59999847412109,20.170000076293945,11.571999549865724,63.08000183105469,34.619998931884766,3.627000093460083,12.685999870300291,420.7999877929688,25.049999237060547,5.889999866485596
