Date,EBS.RO,TGN.RO,TRANSI.RO,SNP.RO,PE.RO,EVER.RO,INFINITY.RO,LION.RO,ALW.RO,DN.RO,TEL.RO,M.RO,PBK.RO,ASC.RO,REIT.RO,MOIB.RO,IPRU.RO,FP.RO,WINE.RO,ECT.RO,COTE.RO,ELJA.RO,ATB.RO,RMAH.RO,FEP.RO
2023-09-29,160.705078125,17.886905670166016,0.2596408128738403,0.4475302100181579,,1.010340929031372,1.7699999809265137,2.162681102752685,8.266199111938477,0.977999985218048,27.921445846557617,4.550000190734863,0.0820000022649765,3.9979000091552734,0.109228178858757,,0.7300000190734863,0.32329061627388,11.911415100097656,0.0375000014901161,60.91500854492188,34.0,1.1393722295761108,0.5535203218460083,0.1474323719739914
2023-10-31,164.4241943359375,17.34544563293457,0.2587102055549621,0.4208354651927948,,0.989552080631256,1.7300000190734863,2.026449203491211,8.320941925048828,1.1399999856948853,27.27210807800293,4.534999847412109,0.0820000022649765,3.933713674545288,0.109228178858757,,0.7200000286102295,0.3771723806858063,11.595511436462402,0.0375000014901161,61.07447052001953,46.0,1.1683393716812134,0.5409402847290039,0.1290033310651779
2023-11-29,178.61558532714844,17.00936508178711,0.2791836857795715,0.4247611463069916,,1.060234308242798,1.820000052452088,2.094565153121948,8.065474510192871,1.2999999523162842,26.993820190429688,4.090000152587891,0.0804999992251396,4.575577735900879,0.1034026741981506,,0.8149999976158142,0.3925671577453613,12.691882133483888,0.0390000008046627,61.71232604980469,45.0,1.318002700805664,0.570293664932251,0.1336105912923813
2023-12-29,177.9304656982422,17.606842041015625,0.3033795952796936,0.451063334941864,,1.0560765266418457,1.899999976158142,2.2052536010742188,8.667648315429688,1.2799999713897705,27.921445846557617,3.9800000190734863,0.0820000022649765,4.474713802337647,0.1048590391874313,,0.8149999976158142,0.4025737643241882,13.323689460754396,0.0465000011026859,65.22052001953125,45.0,1.346969723701477,0.5661003589630127,0.1336105912923813
2024-01-31,194.76437377929688,17.868236541748047,0.2912816107273102,0.4553816616535187,,0.9978676438331604,1.8049999475479128,2.2052536010742188,11.587276458740234,1.375,28.47801780700684,4.0,0.0850000008940696,4.153781414031982,0.1012180969119072,0.5586933493614197,0.9200000166893004,0.4064224660396576,14.345728874206545,0.0480000004172325,66.97461700439453,50.0,1.733197569847107,0.570293664932251,0.129924789071083
2024-02-29,180.08364868164062,17.756208419799805,0.2875591814517975,0.4844317734241485,,1.0061832666397097,1.75,2.2137680053710938,12.317183494567873,1.5700000524520874,27.82868194580078,3.910000085830689,0.0825000032782554,3.75032377243042,0.0997617244720459,0.5627127885818481,0.8899999856948853,0.3837151229381561,13.398018836975098,0.0515000000596046,68.09085845947266,45.20000076293945,1.6607799530029297,0.574487030506134,0.1133386418223381
2024-03-29,199.657958984375,18.12963104248047,0.3052408397197723,0.5287923216819763,,1.093496561050415,1.870000004768372,2.503260850906372,13.594520568847656,1.6100000143051147,26.158960342407227,3.869999885559082,0.0839999988675117,3.75032377243042,0.1004899144172668,0.6792746782302856,0.9449999928474426,0.4002645313739776,14.178486824035645,0.0450000017881393,70.00442504882812,45.0,1.670435667037964,0.595453679561615,0.1013597548007965
2024-04-30,214.2408142089844,17.644182205200195,0.3015183508396148,0.5425322651863098,,1.0810232162475586,1.870000004768372,2.4436593055725098,13.229568481445312,1.590000033378601,27.3648681640625,4.130000114440918,0.0829999968409538,3.5761032104492188,0.085926167666912,0.554673969745636,0.9549999833106996,0.3979553580284118,13.379436492919922,0.0509999990463256,70.4828109741211,45.0,1.87803316116333,0.5870670080184937,0.118867352604866
2024-05-31,222.7882232666016,20.95830345153809,0.3247836828231811,0.5857802033424377,,1.1668411493301392,1.8949999809265137,2.7799999713897705,13.868236541748049,1.4900000095367432,30.611549377441406,5.099999904632568,0.0844999998807907,3.5485944747924805,0.0905313044786453,0.6672165989875793,1.340000033378601,0.4031801521778106,14.587302207946776,0.0509999990463256,75.93707275390625,40.0,2.008384943008423,0.5971310138702393,0.1096528321504592
2024-06-28,217.34228515625,22.452680587768555,0.3606122732162475,0.6378958821296692,20.38364601135254,1.2470057010650637,1.9700000286102293,2.799999952316284,13.50328254699707,1.659999966621399,39.17464447021485,5.960000038146973,0.0829999968409538,3.5577642917633057,0.0859666988253593,0.6270227432250977,1.590000033378601,0.3439657986164093,14.828875541687012,0.0494999997317791,74.21514892578125,55.5,2.848430633544922,0.6290003061294556,0.1059670224785804
2024-07-31,236.65060424804688,23.257944107055664,0.3606122732162475,0.6579083204269409,20.20892906188965,1.3182631731033323,2.0299999713897705,2.8299999237060547,13.685758590698242,1.559999942779541,42.44699096679688,5.800000190734863,0.0815000012516975,3.77783203125,0.097378209233284,0.6109452843666077,1.649999976158142,0.3657357692718506,15.302663803100586,0.0480000004172325,75.59269714355469,58.0,2.751873731613159,0.670933723449707,0.1041241139173507
2024-08-30,242.5916290283203,22.78425979614257,0.3451020419597626,0.6549428105354309,19.80125617980957,1.2959953546524048,2.240000009536743,2.799999952316284,13.79252815246582,1.4850000143051147,43.66242980957031,5.900000095367432,0.0810000002384185,3.805340528488159,0.083684392273426,0.6431003212928772,1.7599999904632568,0.3338645100593567,14.818402290344238,0.0465000011026859,72.3210220336914,58.0,2.838775157928467,0.6608696579933167,0.1151815429329872
2024-09-30,241.00735473632807,21.789520263671875,0.3509183526039123,0.6323884725570679,20.38364601135254,1.3227168321609497,2.390000104904175,2.8299999237060547,13.031559944152832,1.5,33.84539794921875,6.119999885559082,0.0754999965429306,3.117628574371338,0.0806413292884826,0.6431003212928772,1.6799999475479126,0.3218474686145782,14.605327606201172,0.0350000001490116,66.63866424560547,51.0,3.2827279567718506,0.6566205024719238,0.1520396471023559
2024-10-31,252.394287109375,22.452680587768555,0.3606122732162475,0.6410632133483887,19.27710723876953,1.3093560934066772,2.440000057220459,2.9100000858306885,12.746197700500488,1.565000057220459,36.556766510009766,5.889999866485596,0.0844999998807907,2.70500111579895,0.0912920609116554,0.8601466417312622,1.7000000476837158,0.2889312505722046,14.411623001098633,0.0399999991059303,66.63866424560547,59.5,3.0645406246185303,0.6351505517959595,0.1916620880365371
2024-11-29,252.49331665039065,20.889516830444336,0.3625510334968567,0.6185088753700256,18.947084426879883,1.2514593601226809,2.400000095367432,2.799999952316284,13.031559944152832,1.4600000381469729,34.640106201171875,5.599999904632568,0.0810000002384185,2.686661958694458,0.0844451636075973,0.9646505117416382,1.3700000047683716,0.267335444688797,14.004842758178713,0.0450000017881393,63.71138000488281,59.5,2.499237060546875,0.5528493523597717,0.1824475526809692
2024-12-30,291.5060119628906,22.21583747863769,0.3644897937774658,0.6150389313697815,18.97620391845703,1.3093560934066772,2.4200000762939453,2.8499999046325684,12.936439514160156,1.465000033378601,35.247833251953125,5.800000190734863,0.0820000022649765,2.980086088180542,0.0874882340431213,0.9248191118240356,1.3700000047683716,0.2743018269538879,14.082324981689451,0.0445000007748603,64.91673278808594,50.0,2.538907527923584,0.5904216766357422,0.2174627482891082
2025-01-31,294.674560546875,22.73689079284668,0.3867857158184051,0.6323884725570679,18.73354148864746,1.3004488945007324,2.490000009536743,2.8499999046325684,12.651077270507812,1.4800000190734863,38.8941535949707,5.880000114440918,0.0799999982118606,3.6677980422973633,0.0912920609116554,0.9522889852523804,1.4500000476837158,0.2950268387794494,14.043583869934082,0.0579999983310699,66.98304748535156,46.0,2.4496490955352783,0.5600060224533081,0.199033722281456
2025-02-28,317.1513977050781,27.000059127807617,0.370306134223938,0.6506053805351257,18.34528160095215,1.2692737579345703,2.4100000858306885,2.75,14.838857650756836,1.5299999713897705,43.0547103881836,5.920000076293945,0.0839999988675117,4.0345778465271,0.0859666988253593,0.9339757561683656,1.440000057220459,0.3194092512130737,13.96610164642334,0.0480000004172325,67.32743072509766,52.5,2.4099786281585693,0.5635843276977539,0.1971908062696457
2025-03-31,314.1808776855469,27.947429656982425,0.3344387710094452,0.6410632133483887,18.66559600830078,1.2959953546524048,2.380000114440918,2.5899999141693115,14.648614883422852,1.5099999904632568,40.06284713745117,6.389999866485596,0.0804999992251396,4.658103466033936,0.1004212722182273,0.9614455699920654,1.159999966621399,0.3296846449375152,14.5665864944458,0.0540000014007091,69.91032409667969,18.299999237060547,2.1818735599517822,0.5582168698310852,0.1842904835939407
2025-04-30,290.5158386230469,26.76321601867676,0.3412244915962219,0.6211113333702087,17.957021713256836,1.2959953546524048,2.430000066757202,2.6700000762939453,13.697406768798828,1.4800000190734863,40.95105743408203,6.21999979019165,0.0815000012516975,4.0345778465271,0.0966174378991127,0.9889155626296996,1.1200000047683716,0.325243592262268,14.585957527160645,0.0544999986886978,71.28787231445312,36.400001525878906,2.018233060836792,0.576108455657959,0.1833690255880355
2025-05-30,357.892822265625,32.731651306152344,0.3460714221000671,0.6645824313163757,18.83060646057129,1.3456896543502808,2.359999895095825,2.5899999141693115,15.07666015625,1.7400000095367432,44.17665481567383,6.599999904632568,0.0820000022649765,4.621425628662109,0.1143301278352737,0.9706021547317504,1.2300000190734863,0.3371089398860931,19.176755905151367,0.0535000003874301,73.82164001464844,45.59999847412109,2.062862157821656,0.6029457449913025,0.1649399697780609
2025-06-30,364.4834899902344,33.53095626831055,0.3528571426868438,0.6969785094261169,20.100000381469727,1.4514224529266355,2.5199999809265137,2.640000104904175,14.79129695892334,1.7400000095367432,53.292476654052734,6.699999809265137,0.0810000002384185,4.604056358337402,0.1296879053115844,0.9980722069740297,1.2200000286102295,0.3512363731861114,19.757869720458984,0.0520000010728836,73.07408142089844,48.400001525878906,2.4099786281585693,0.6673554182052612,0.1566469073295593
2025-07-31,407.6223754882813,40.86280059814453,0.3780612051486969,0.7228953838348389,20.850000381469727,1.480258584022522,2.5799999237060547,2.7799999713897705,19.18091011047364,2.4100000858306885,59.83238983154297,7.78000020980835,0.101000003516674,6.6450300216674805,0.1757612377405166,1.1445780992507937,1.309999942779541,0.4033615887165069,20.242130279541016,0.050000000745058,74.56920623779297,40.400001525878906,2.657918930053711,0.6977710723876953,0.1695472449064254
2025-08-29,411.81640625,46.728271484375,0.4158673584461212,0.7793571352958679,20.600000381469727,1.8647414445877075,2.990000009536743,3.0,18.000545501708984,2.8399999141693115,57.34352111816406,8.039999961853027,0.1059999987483024,6.910831451416016,0.1638163030147552,1.0621684789657593,1.2350000143051147,0.4145660996437073,20.0,0.0450000017881393,74.00852966308594,49.59999847412109,2.4397313594818115,0.749656617641449,0.202719509601593
2025-09-30,422.0019836425781,54.74441909790039,0.4720918238162994,0.8061995506286621,20.5,1.9224138259887693,3.0,3.369999885559082,20.65636444091797,2.809999942779541,60.927494049072266,7.829999923706055,0.1030000001192092,8.714483261108398,0.1595502644777298,0.9574576020240784,1.2400000095367432,0.4374622106552124,18.520000457763672,0.0509999990463256,73.82164001464844,56.0,2.5799999237060547,0.6897831559181213,0.2632073163986206
2025-10-31,451.9595336914063,60.2188606262207,0.4799999892711639,0.8728429675102234,20.850000381469727,2.2011637687683105,3.289999961853028,3.400000095367432,20.36127471923828,2.7799999713897705,75.06427001953125,8.460000038146973,0.1129999980330467,7.993021965026855,0.1706419885158538,0.9430957436561584,1.309999942779541,0.4657169878482818,18.299999237060547,0.0540000014007091,73.07408142089844,71.5,2.484999895095825,0.6653493642807007,0.2707816660404205
2025-11-28,476.7244262695313,61.782989501953125,0.5059999823570251,0.8668556213378906,23.100000381469727,2.691379308700561,3.829999923706055,4.0,20.262908935546875,2.700000047683716,71.18163299560547,8.800000190734863,0.1190000027418136,9.322028160095217,0.1706419885158538,0.9670321941375732,1.25,0.4850000143051147,18.81999969482422,0.0540000014007091,73.07408142089844,73.0,2.375,0.6803855299949646,0.2329100966453552
2025-12-30,514.271240234375,64.42245483398438,0.5220000147819519,0.9405903220176696,29.25,2.6625430583953857,3.700000047683716,4.0,19.574363708496094,2.799999952316284,74.66604614257812,10.279999732971191,0.1120000034570694,9.399999618530272,0.1706419885158538,0.9478830099105836,1.3450000286102295,0.5360000133514404,19.459999084472656,0.0540000014007091,71.9527359008789,72.0,2.450000047683716,0.7518072128295898,0.2045064270496368
2026-01-30,558.708251953125,74.39375305175781,0.5879999995231628,0.9613872766494752,35.349998474121094,2.9701292514801025,4.159999847412109,4.690000057220459,21.148181915283203,3.299999952316284,84.52196502685547,13.18000030517578,0.1220000013709068,12.0,0.1774676591157913,0.9861813187599182,1.340000033378601,0.6800000071525574,19.559999465942383,0.0520000010728836,72.1396255493164,70.0,2.309999942779541,0.8457831144332886,0.2272293418645858
2026-02-27,512.7733764648438,90.03501892089844,0.628000020980835,0.9179027080535888,42.29999923706055,2.8547844886779785,4.300000190734863,4.670000076293945,21.738365173339844,3.5,100.1520538330078,13.220000267028809,0.1379999965429306,12.300000190734863,0.197944700717926,1.0053304433822632,1.315000057220459,0.5730000138282776,19.0,0.0535000003874301,77.37255859375,74.0,2.130000114440918,0.8457831144332886,0.2442715466022491
2026-03-31,476.7244262695313,83.58300018310547,0.6079999804496765,0.9462623000144958,42.70000076293945,2.9509050846099854,3.920000076293945,4.440000057220459,20.066181182861328,2.9100000858306885,90.99302673339844,11.739999771118164,0.1299999952316284,12.0,0.2013575434684753,1.0340542793273926,1.2999999523162842,0.527999997138977,18.940000534057617,0.0560000017285347,73.82164001464844,72.5,1.8179999589920044,0.8269879221916199,0.1865174174308776
2026-04-30,496.6000061035156,85.04936981201172,0.6119999885559082,0.9500434994697572,46.900001525878906,2.9412930011749268,4.059999942779541,4.300000190734863,19.574363708496094,3.0199999809265137,91.0925750732422,12.0,0.124499998986721,10.5,0.2319999933242797,1.0149049758911133,1.399999976158142,0.5419999957084656,18.549999237060547,0.0540000014007091,76.4381103515625,63.0,1.7999999523162842,0.838265061378479,0.1846238374710083
2026-05-29,539.0,84.56057739257812,0.6159999966621399,1.0520000457763672,52.400001525878906,3.345000028610229,4.340000152587891,4.489999771118164,23.21381950378418,3.069999933242798,89.69880676269531,11.300000190734863,0.1379999965429306,12.899999618530272,0.2300000041723251,1.0627779960632324,1.7000000476837158,0.5659999847412109,20.0,0.0570000000298023,76.19999694824219,65.0,2.015000104904175,0.7518072128295898,0.206399992108345
2026-06-30,615.0,92.87000274658205,0.6359999775886536,1.059999942779541,55.400001525878906,3.259999990463257,4.139999866485596,4.400000095367432,22.62363624572754,3.609999895095825,99.35562133789062,11.859999656677246,0.1324999928474426,12.449999809265137,0.2220000028610229,1.2255456447601318,1.7200000286102295,0.609000027179718,19.549999237060547,0.0599999986588954,75.0,65.0,2.164999961853028,0.766843318939209,0.2259999960660934
2026-07-31,593.5,99.0999984741211,0.6679999828338623,1.2580000162124634,61.20000076293945,3.369999885559082,4.079999923706055,4.630000114440918,24.590909957885746,3.650000095367432,114.0,12.18000030517578,0.1469999998807907,12.550000190734863,0.277999997138977,1.2255456447601318,1.774999976158142,0.6029999852180481,19.89999961853028,0.0649999976158142,78.19999694824219,70.5,2.140000104904175,0.8213493824005127,0.2240000069141388
2026-08-31,640.0,91.0,0.6919999718666077,1.1950000524520874,59.0,3.4800000190734863,4.670000076293945,4.730000019073486,25.799999237060547,3.259999990463257,89.0999984741211,10.65999984741211,0.1570000052452087,12.300000190734863,0.2639999985694885,1.1297999620437622,1.6549999713897705,0.5929999947547913,19.5,0.0649999976158142,75.5999984741211,67.0,1.9420000314712524,0.7518072128295898,0.25
